city,point_id,lon,lat,embedding
beijing,0,116.397774,39.908035,"[0.54270869630841, -2.467107192958221, 0.9077993743892635, -1.4257048173640412, -3.3377065595118443, -2.709070185191182, -4.499246729343447, -0.023946709205287218, -1.1144385881316954, -2.2967505507772565, -1.317229351472895, -0.20674206571565767, -3.1481148842251385, -1.9327437148651134, -1.9692309230599343, -1.060196717558177, 1.4199753765325702, -1.365437938840583, 2.117764752245799, 1.3031103591785709, 2.772156156108741, -1.996626516316291, 0.9238547520753413, 1.1794080178127373, -3.9570448532118707, -4.312576745252682, -0.1293428250175267, 0.5242605086545943, -0.5884052320769646, -0.39606090776717934, 1.626248276565485, -2.7535916971597305, 0.23482145322644893, 4.415180488036282, -0.7688506423349301, 1.971464512731878, -0.6973734430686868, 2.0337428107327855, 1.24498784429553, 1.2823533935878675, -1.9202111889139026, 2.005059013993542, 1.0094127467252083, -2.4239959633687853, -0.7468721144673812, -0.7385137897183425, 3.1859767309144766, -1.2876765582762086, 3.3065820290671644, -1.3293269284990492, 4.627185713712968, 0.7152630660599287, -4.495521541507116, 1.0752720917588159, -5.000665236056261, -1.3061041655455097, -0.7764369249804826, -3.311247069501298, -1.3585495155259673, 1.5061760747517483, 0.9466624483238762, -1.0411087546404323, -1.1908182570015562, -4.697985291259051, -1.8592246449565308, -0.6284741919479353, 1.9821917803918971, -2.5439557790677, -0.6881000270210352, 2.2078214887778036, -2.279390109867357, 0.6858545586547913, -0.7866324809442606, 0.45512139918331374, 2.807758225796285, -5.040316703613348, -1.2610057486374868, -1.0845114379371332, -0.6489288106191154, 3.374146663838208, -4.436955159153053, 0.2420341003477548, 3.456474423559811, -0.29472747913765346, -0.4180152748463259, 1.3070985664743417, -2.632959294870992, 1.3368737058842148, 1.6945849551661771, -3.031570561364731, 1.2940255063980362, 3.6188821051157096, 0.2328134930572025, -1.2973209265797607, -2.026292158193979, -1.1730473442787848, -2.4368077989440797, 2.496812771431081, 3.5627695766855547, -0.7215914421430604, 0.9624237612475245, -1.633686947683494, -0.16026745207693618, 0.2029498088319168, 1.0140560298018986, -3.7183909224974583, -1.7215575879615184, 0.13221619394676354, -1.3979655046910167, -3.2765442351639438, 3.301674287702313, -0.46981730294062973, 1.702691758025164, 3.6601684583011056, -2.4970839363643056, 1.61078485861846, 1.8180967516326068, -0.21227022917880134, -0.027736874110672834, 0.7246922167006987, -4.085034057086922, -3.4129310138302813, -0.818451423749677, 2.308690833265501, -1.1782767541159969, -2.82665596353988, 1.5644589550881765, -2.00690172305167]"
beijing,1,115.651335,39.895897,"[-0.14231035067988343, 0.007390845417769878, -0.027377262668051773, 0.011017347811509419, 0.17213367998308102, 0.18488680041645922, -0.15270484352245658, -0.07753773100685721, -0.1750956406655975, -0.035455278560248174, 0.09093046572082833, -0.08843918407673393, -0.10580238476308344, -0.19894579921240732, 0.17082833491754068, 0.1199509914471238, 0.15598669149635408, -0.011923682825916868, -0.18483873239225113, 0.04797041818570122, -0.16664899564906574, 0.010481138852744038, 0.005125943081171177, 0.005142521870966739, -0.10666997940931122, 0.0020258951680337638, -0.10032661335611259, -0.17223478562339506, 0.057172894182297845, -0.15265218052432877, -0.06032634630176966, 0.033173950940018695, -0.1590702780238737, -0.20001142144525214, 0.024444640952217225, -0.02170545827353139, 0.08533758686723006, -0.03569474691817579, 0.2574026533341149, 0.05803304531207813, -0.009682795123029008, -0.11770918486271759, -0.16148463568037083, 0.1226331690528596, -0.12805971602038252, -0.07332984599918782, -0.015495165204855435, -0.04753616921716954, -0.12335424206800095, -0.09500207412838325, 0.0074785486346173186, -0.07857489245964534, -0.09257387718225585, -0.10499790979139909, -0.02912540066086764, 0.07336374616782222, 0.09415836634605397, -0.19607140336787185, 0.023368975980345756, -0.10243964857576524, 0.15009486711557585, 0.04625592152060556, -0.04327434339877989, 0.20532734586328352, -0.022539185079935756, 0.255236840986211, -0.028485143426647395, -0.1647245381983108, 0.02332166248290754, 0.048107298507870336, -0.05275361598611862, 0.12414006431389149, 0.230569568031717, 0.13366282615776529, 0.11246753943317575, 0.12970913559696007, 0.08329406915992449, -0.1479517499924526, -0.10225069545624937, -0.1450681939781053, 0.15202163837703342, -0.17659315896273484, -0.15062066698146412, 0.07713560181160624, 0.13303791754148056, 0.07547388178855283, 0.12392552319400976, -0.18859775464761108, 0.05076556951895729, 0.13175815403449262, -0.1186932443283713, 0.27150117571013044, -0.07636498308551457, -0.052736421697834934, -0.05068109538434035, 0.17571309658619788, 0.15829779392621202, 0.14640245443021513, 0.005678452217263409, -0.12826345722457494, -0.12324933531187936, -0.0484035479876858, 0.08055665941959778, 0.16780881391352337, -0.21093713620954557, 0.12706829572877087, -0.03782717865604174, -0.03037320102364277, 0.0933392553283715, 0.016502433600868067, 0.05883681473184496, -0.1595434073032073, -0.03065581194107246, -0.13312000288295273, 0.10838060759869979, -0.20633052697924809, 0.1031081682455044, 0.17184605281316656, -0.23961021083704168, -0.16747738947361676, -0.0047536275397025915, 0.052994209049616936, 0.12115190799610763, -0.08732551260442879, 0.18825522793322796, 0.044811476369541914, -0.12722454790775095, -0.009506617322019722]"
beijing,2,117.112699,40.579538,"[-1.6201949533965962, -0.4882780870618175, -1.3045037693549084, -0.4651770108625517, -0.315452803963581, 1.1089329302182582, -0.7831390051409504, 0.8761162133823298, 0.24848936183164122, 0.8357727696526972, 0.30084040156197667, -0.059755977610083166, -0.16389814062960484, 0.35979693144119435, -0.16202934196587584, -0.057865976497942326, -0.9416100583529327, 0.4023555441700951, -1.7215161731817579, 0.5074854500593579, 0.4137644397411603, 0.9131084132430558, 0.09339740962558524, -0.9850317728392163, 0.22410062498922337, -0.776143829320468, -0.1498297042051977, -0.1171889238114698, 1.253215457370753, 0.5285459143191015, 1.2656322786608418, 0.6489931272998498, -1.3346726470956431, 0.7826897013725003, 0.6102409370624156, -0.28648972489018537, -0.5792383586717404, 1.2131952191197766, 0.42959180727950586, -0.5299462604751476, -0.01078585351560113, 0.09124086172737805, -1.408308553000005, -0.6434744192994829, -0.28297905611101143, -0.930361215866309, 1.0700943200728665, 0.097989316309852, -0.634566127359052, 1.1905871282828344, -0.06389968639933791, 0.3095365574150416, -0.8362407486118425, -0.1785149882464779, -0.10499251941180385, -0.8227202859573147, -0.14631923247223855, 0.5287328942620109, -0.07820952155204992, -0.40598151272445326, 0.7135743699322084, -0.42433097268251047, 0.284755056074126, 0.18997623586038398, 0.5105058413474293, 1.0722178883934173, -0.2310787390436314, -0.27694146149695614, 0.07156066249084897, -0.17547872965617065, -1.1113684733018259, -0.5418279056217593, -0.40008758210223866, 0.7082089562115854, -0.4370859609467791, -0.06688094007085954, -0.5479312775284092, 0.6472881078295147, -0.14024600693879768, 0.20251625192771366, -0.6755203288238486, -1.1587325778067366, -0.32005733053443236, 0.4761931963772344, 0.6023066273795444, 1.0754199660958714, 0.6791462498113764, -0.1915408013969828, 0.06919061256093374, -0.6504413829157237, 0.3497548066469959, 0.4461823234959963, 0.21383982657949063, -1.09573175529695, -1.6879938782394543, -0.2974406010183158, -0.20392876670978966, 1.1164881418553456, 1.5764988672494262, 0.6001170650785409, -0.7204348003123604, 0.12204718582306454, -0.08862733781559552, -0.4474265691717845, -1.2747382482591971, 0.5953246542643252, 0.9322350987534503, -0.008254145402267075, 0.8793816506367884, 0.2588112748264593, 0.6407235301172703, -0.8358086868087283, -1.2483572064385664, -0.31597327835875216, -0.36821923686068997, 0.09034218492272086, -1.0196883606622427, -0.474293820164179, 0.16968365622299397, 0.14826014166125592, -1.5451180348447489, 0.4103253948554879, 0.19377244385867767, -0.12388634893252845, -0.4657306296716993, -1.1284647586773728, -0.13924152948684215, -0.24289884605739287]"
beijing,3,116.742987,40.501243,"[0.012289851463467743, -0.015152917095386825, 0.14958228755900865, 0.038242285185175195, -0.009722178772959559, -0.0743458634347784, -0.0020257968156466724, -0.13292549759892147, -0.053683893929081294, -0.07698796572047667, 0.024842432195449175, 0.033839323167365695, -0.07255000842372347, -0.05807748971514812, -0.011799104999785558, 0.013685921378146237, 0.10124295198943845, -0.019361345317058725, 0.017561032796558174, 0.0617672959219209, -0.012744908818506902, -0.04667740877839467, 0.0014785502210787442, 0.024250542027801036, -0.12777628129476779, 0.012808702153827067, 0.05082506212965842, -0.019260755456773457, -0.10787589785156894, -0.006099621627448655, -0.05696738442725544, -0.013638549537515324, 0.030736883692813174, 0.010352231017774292, 0.0021759685149404656, -0.025351611126285076, 0.013451554396070656, -0.04357021456593073, 0.0827752639108047, 0.05510614743723025, 0.044758179836681844, -0.018741921537463846, 0.10566013298626162, 0.0004186640943089782, 0.04847510578426047, 0.09876400749215428, -0.053616728376987645, -0.013445370885570976, 0.0030903441277934304, -0.07258513864622701, 0.08806597776691001, 0.03912537050305583, -0.017108545342775446, -0.009237347022044606, 0.053837351638845836, 0.0371576781762166, 0.025763560011583322, -0.12249703754003204, -0.03470341328795787, -0.07227933477985263, 0.03596247027080196, 0.03490473192135771, -0.026843130421755387, 0.05049360035181518, -0.05239646465999581, 0.04063219287193569, -0.009722842941646173, -0.06380009313994249, 0.0440651502928848, 0.11030275959854036, 0.0663658327759998, 0.05068889509394186, 0.04408767368291657, -0.0080800293060405, 0.030435268132414844, 0.008062935742566935, 0.017234264259890247, -0.040626550720314014, -0.038915988323218735, -0.0054278128325808556, 0.02165770984052845, 0.03293926268453946, 0.052817813254935043, 0.011754938244839901, 0.02841344619193377, 0.006505344349748365, -0.0830760349596265, 0.023657399224605462, 0.03887249510508839, 0.025034886761361518, -0.04923994226886334, -0.008914657187956443, -0.0316051056082156, 0.016028037039242403, 0.08357928997733245, 0.04498692953836276, 0.015382666266950687, 0.004026584619112936, -0.1080535464065071, -0.053674798900519134, 0.029817713905998022, -0.0073370903134210765, -0.0019326419069441714, 0.02384810084446307, 0.02360671393875627, -0.08020522654686026, -0.04791452227786323, -0.02881078688107171, -0.05906304388399784, -0.04462791484112214, -0.0016332108706580382, 0.06592182312785057, 0.10191334145318151, 0.03147963375218203, 0.02860133705604212, -0.07557792787155918, 0.15484260375500106, 0.029614168857719038, -0.08385618374439882, 0.014001824185341082, 0.08672062937128275, -0.07471970165792105, 0.056461592009819726, 0.024257711498010464, 0.041284451215018184, 0.02502246814563542, 0.020072868933972934, -0.031841618829987615]"
beijing,4,116.954936,40.531516,"[0.022915380028162447, -0.01635812289472672, 0.01611138868595008, -0.07297326715853261, 0.004050738297748812, 0.01533159278699248, -0.019522187290449515, -0.04057542989653171, -0.061293170085383056, 0.060419194457545164, -0.008438229467292746, 0.020958447563099968, -0.0691339881085898, -0.03793921923331748, 0.06598619608055094, 0.05235093084974882, -0.060263372911542865, 0.012974327572587208, 0.02172678292416576, 0.046321957955904214, 0.02364661392123087, 0.007258772509525804, -0.0023990598074131427, 0.040388698425324755, -0.029465432820344875, 0.005621690970716381, -0.008777196544841775, -0.04157121605860823, -0.06414843949201161, 0.061730463055544124, 0.02246291034280804, 0.022566014100257534, -0.07958444410851895, -0.0065308574422662, -0.06998766456193697, 0.023244952893523213, -0.024673859411040756, 0.06326067092195184, 0.06316956731391571, 0.020129580258508972, -0.028133472898372907, 0.08544368405542564, 0.00837131633767208, -0.024749617248299133, -0.034993206089181134, 0.03679573656306926, 0.025101328647897707, -0.007263599787335899, -0.048709535555047895, -0.009014736117210615, 0.035359252115360416, 0.0680136864803489, -0.09783413415081885, 0.033576305603191914, 0.024066412411021924, -0.0046812972602999015, -0.0432542529108212, -0.04791193509871827, 0.03945930159651313, -0.043974204906852186, 0.059647977255322185, 0.0074702376093459325, -0.002475087615866716, 0.030334938100502154, 0.05049138943071082, 0.012028791860016706, -0.009140809548824694, -0.08553234782399549, -0.05933896986822196, 0.03765848755900131, -0.026644121867361467, 0.05584319859895428, 0.054530235990554496, 0.006367664391801937, -0.009308122779755977, 0.025249776974156125, -0.03520289956477338, 0.02359594999208426, -0.08146882125774738, 0.01979277542715132, 0.057461844059504524, -0.009331451785970639, 0.05349242005822189, 0.04885721172323694, -0.04308565079409327, 0.008781171952120376, 0.009024223063107876, -0.06362268048100383, -0.04909895090599352, -0.021435636857546788, 0.028422563463997137, 0.047134372347472434, -0.06624291289604396, 0.030047745201509688, -0.017498547152135918, 0.015426837322691546, 0.00175921934460211, 0.03163312954254395, 0.011408515717123074, -0.06449318051021444, -0.009073115699456557, -0.03828279522373311, 0.017147529843342176, 0.04065087231688118, -0.06378977984690093, -0.021490262340286663, -0.01259977988944076, -0.02428609621314994, 0.03128518224508935, 0.007037304942054847, 0.01530297104722654, -0.03264376254159726, 0.07575409636659879, 0.03339960199327101, 0.004750293469224592, -0.011161048548201583, -0.003771569854596181, 0.06387708570531184, -0.03390558231499918, 0.03497974479340884, -0.07707296542302222, -0.028760076638422484, 0.03038160564125686, 0.04860333362904798, 0.022771054582426432, -0.019852275890451472, -0.03260766056520105, -0.04782861964867202]"
shanghai,0,121.46495,31.215337,"[1.0782275434146973, -3.382203622409789, 1.1892122506445502, -1.0374441695327226, -2.5650468794023102, -3.993580865764704, -2.8871434580343576, -0.75001087232831, -2.0758682779871394, -3.6165954198303663, -1.8672574571342884, -0.740970673799623, -1.571027165093389, -2.0048292943335424, -1.0295292938427452, -1.5950551807038307, 2.519015633019198, -0.9878036675956139, 0.8131814420778918, -0.7576824792918616, 3.1369849480836893, -3.4883006085453596, 1.1087640598747195, 3.9625040864948335, -2.5261833388762582, -4.29355177637385, 0.5564431131212625, -0.19601069566954413, -2.7591193087663015, 0.5524676808478384, -0.2833189112444553, -1.257767809502345, 0.7374796613193784, 3.862384092790034, -1.5673456076598187, 3.3199070279795424, -0.26233859203465376, 2.2692507556770782, -0.35668984273618354, 0.001766748740852371, -1.3085269054884794, 1.9874799720930207, 2.729904357757211, -1.2133109719555624, -1.782789981655655, -0.29254044739953805, 1.9631468517223216, -0.6024580317652782, 3.421546507599934, -2.2644444127269603, 3.502935735286859, 0.1560289790538911, -3.331183773338748, 2.80953632846087, -4.816216225190827, -0.6413689005903427, -0.3120606670346075, -2.915234881775061, -0.5654848410864568, 0.7986484922805154, -0.699741845162266, 1.428172713554216, -1.8921910658020284, -3.913814923477519, -1.4838905714957993, -2.769737969749644, 1.1952514356411563, -2.6721750029484106, -1.1243567829682009, 3.3357426013371776, -0.43859767582926634, 1.094388454332968, -1.0565893305290284, -2.609178028689866, 4.2546641889786105, -2.8365911512445208, -0.8096309196069691, -1.1943344022703097, -2.4570816712497403, 4.645321831598633, -3.028900011721679, -1.1018148826372598, 4.415371100981882, -0.9422318070824963, -2.2891838445853994, 1.423645144852374, -2.22704527500155, 1.388780756817646, 0.4552989656041375, -1.3522720262567944, 1.1570259498780462, 0.8709849269744342, -1.6574553753834813, 0.0517812057091152, 1.5081019343752087, -0.7150087622305606, -2.6394297747211604, 0.8023906077871059, 1.0683897130707132, -2.1350787970779015, 1.719841426063938, -1.126508390101793, -1.0475470458318423, 0.4584335506325047, 2.748827176199549, -3.1159088228675644, -1.6050503246823726, 0.7352812290541553, -0.9969616586944994, -3.1275760938117934, 1.5614604552702034, 1.2515164478998086, 2.6052791588069235, 3.6237402068764593, -1.3886568278036107, 0.9425028540445743, 2.056588275731706, 1.2378774419837912, 0.8198355263878662, 2.075025892435348, -2.3497924067795575, -2.761577424906613, 0.7025195272869139, 3.443554468127385, -0.9378223472078051, -2.5713637507311655, 1.6457366988363982, -2.0641538874384464]"
shanghai,1,121.786845,31.641276,"[0.026778018102049828, 0.02438453771173954, 0.0016420428873971105, -0.0324835479259491, 0.008122604340314865, 0.03612646088004112, 0.0010900627821683884, -0.03149738907814026, -0.048566464334726334, -0.016989873722195625, -0.017853328958153725, 0.0500124916434288, -0.017631895840168, -0.027983689680695534, 0.04235094413161278, 0.0370095930993557, -0.004876361694186926, -0.017841707915067673, 0.012488690204918385, -0.023525886237621307, 0.001489234040491283, -0.004261803813278675, 0.004436197225004435, 0.0015098563162609935, 0.028004122897982597, 0.0254512932151556, -0.011632975190877914, -0.06384819746017456, 0.004529199097305536, 0.021078217774629593, -0.035905733704566956, 0.025887977331876755, -0.05522134155035019, -0.03503916412591934, -0.05273681506514549, 0.03111446276307106, 0.014570311643183231, 0.02336469106376171, 0.03559648245573044, 0.03439444303512573, -0.03447181358933449, 0.024299049749970436, -0.002740703523159027, 0.01082942821085453, -0.03143194317817688, 0.03742647171020508, -0.014730120077729225, -0.0037305913865566254, -0.033577438443899155, -0.01200623158365488, -0.018342241644859314, -0.005732712335884571, -0.041985780000686646, 0.020164841786026955, 0.02839682251214981, -0.006989783141762018, -0.027443749830126762, -0.026437290012836456, 0.03747719153761864, -0.04799700900912285, 0.0308986846357584, -0.004268591292202473, -0.009505868889391422, 0.02347717061638832, 0.05291386693716049, 0.020496206358075142, -0.04405802860856056, -0.043824125081300735, -0.0632631778717041, 0.035768989473581314, 0.007631360553205013, 0.06725627928972244, 0.044616520404815674, -0.014880282804369926, 0.03596331551671028, 0.03553805872797966, 0.030186666175723076, 0.014431995339691639, -0.06902042776346207, 0.005072680301964283, 0.07683546841144562, 1.3350328117667232e-05, 0.007217231672257185, 0.006594938226044178, -0.04465175420045853, -0.01603388413786888, 0.008422819897532463, -0.03480691835284233, -0.05155034735798836, 0.0005290089757181704, -0.02336152084171772, 0.005246988032013178, -0.040214862674474716, 0.05255315452814102, 0.0263860821723938, 0.04019631817936897, 0.028657177463173866, -0.009784617461264133, -0.0182181466370821, -0.06216689199209213, -0.0007789115188643336, -0.019360508769750595, -0.02600434236228466, 0.04434017464518547, -0.03480635583400726, 0.01870633475482464, -0.022187024354934692, -0.007972096092998981, 0.02413834072649479, 0.001163983135484159, -0.01561871636658907, -0.020225927233695984, 0.045455656945705414, -0.02683078683912754, 0.045355647802352905, -0.02057824283838272, 0.009709828533232212, 0.07809513062238693, -0.02794542908668518, 0.009441572241485119, -0.04115188866853714, 0.004595191217958927, 0.05500252917408943, -0.006571788806468248, 0.06113417074084282, 0.025412552058696747, -0.03206654265522957, -0.02981659397482872]"
shanghai,2,121.920514,31.039559,"[-0.30863740429244746, -0.3569800898885164, -0.12742149499766436, -0.2092366535715525, 0.1571557014570559, -0.09556781884351806, -0.1417931169683436, -0.11379132479068307, -0.31425212539789427, -0.18524831945811518, -0.10777215318753085, 0.3417089652369204, 0.12591875085581264, 0.2011596644900236, 0.11564465780736127, -0.09699471668972487, 0.027538037308202014, -0.05707843296012504, -0.39945529624601184, -0.23282637074723186, 0.165883875939736, 0.001074750107682456, 0.166065313619813, 0.1301319115916286, 0.3565782400796212, -0.12317668061208054, -0.12244061091953556, -0.3433150558451093, 0.010416585612495172, -0.05180387601957717, -0.05977016097856731, 0.1971542489754974, -0.04045999223845313, 0.14374881051101757, 0.12304396949628713, -0.021059191491858698, -0.2027034458503306, -0.010614949593691733, 0.025454683993018375, -0.40160430178694717, 0.07721733866085592, -0.11191570925296832, -0.03429098303132773, 0.17538306736718604, -0.43988577186872285, -0.34805064116406875, 0.06002171761490269, -0.1502433639984042, -0.15074178684214387, 0.008800993499903185, -0.25810368291902996, -0.27539179911611084, 0.17918735275228764, 0.0022358562053670615, -0.11501284073077903, -0.05888837181500051, -0.018211987596431348, 0.030538284125538474, -0.07943824932520259, 0.16158442463475522, -0.09399088008905025, 0.33572460811388, -0.11611807017824348, -0.010623827546701416, -0.08690678774988106, -0.2528490247136392, -0.04707904318186127, 0.005828822778838179, -0.06527264014959465, 0.40615394369007096, 0.2607780215985802, -0.025476254438015378, 0.08221323867560874, -0.05517275546717978, 0.26947977850527566, 0.23977355312658974, 0.272222818536798, -0.010615548036935468, -0.21314243733168137, 0.13219529273470515, -0.04478728248520995, -0.311233446323637, -0.1900622811413908, 0.15596514375735382, 0.07636578056828333, 0.5510067467676307, 0.18547559771569883, -0.0800715236270398, -0.17781656702851215, 0.2240287421691309, -0.21427603593976452, -0.13330263942944082, -0.15744407840765126, -0.09505523195089857, 0.0424759873764417, -0.1203607796988955, 0.1411559627813489, 0.20571705312931216, -0.0816854318275992, -0.1164743600490302, -0.0990779854965859, -0.062259196371459505, -0.09628716244273051, -0.3136920382288376, -0.0013684755048732414, 0.08761461060078266, 0.07852190044584688, -0.13892758859937385, -0.08509563156853837, 0.3241044478166103, -0.06889613727017842, 0.12078935806967278, 0.010093884530779008, 0.17202587890729576, -0.20272275208367863, -0.056996367711325796, -0.009645352607030519, 0.3601395660309335, -0.12645591360776265, 0.26136110358581666, -0.041718177366344394, 0.10761052874078209, 0.15188657355686613, -0.1525126729269512, 0.2394634033549966, 0.00042018713586026296, -0.14242359542938676, -0.006545322702219868]"
shanghai,3,121.972578,30.822854,"[0.05465155710142385, 0.01765266746475674, 0.07790236664063406, -0.004543086075497138, -0.04667086375936369, -0.06486909725192681, 0.018494891763573006, -0.08545067577740861, -0.06048001197147132, -0.0677292152479545, 0.03596960006893665, -0.03479906157980914, -0.05859060413791945, -0.06075920331485885, 0.02879020290247291, -0.021386254583019515, 0.056880494941855125, -0.006585874785212645, 0.04414499640135218, 0.04702815801513037, -0.02693094037556603, -0.0460104140949785, -0.021616300941694012, 0.01852418649990097, -0.07494840979707647, 0.047913364062836264, -0.009298990923304721, -0.006205400379862849, -0.05946410793183947, 0.03850802410162757, -0.066800938607289, -0.05689338239422653, 0.004166320682140387, -0.0438874615255049, -0.028651039699769485, 0.03669029233980994, 0.06983167214663641, -0.03278708334656671, 0.07012311582113392, 0.0915009692827635, -0.040906413630890974, 6.135038405176083e-05, 0.05087264918181039, 0.004069793095243814, -0.007355033993983906, 0.05685882225650531, -0.04178363440689786, -0.019958358743812275, 0.044709464560848095, -0.07153217694616323, 0.08580286853259435, -0.023716506561800636, -0.047499140299255886, -0.01991245367678876, 0.004380828840641254, 0.06140002699518389, 0.0019898270225462387, -0.08788620741884526, 0.017151949757489064, -0.04651868042668902, 0.037459828680739354, 0.0023045640904620756, -0.07563376951520455, 0.027035972065316268, -0.01767848894837079, 0.04512866518689891, 0.004617483050270654, -0.07069021970797981, 0.004719224311602752, 0.010953203989149961, 0.0021631000371271705, 0.05086945390439183, 0.06151708954366997, 0.03526806117165673, 0.013608203316346136, -0.009639496113572128, -0.02871792118157948, -0.0413358681634912, -0.04035510565613326, -0.009378379489303333, -0.009708032032542849, -0.0069695999439956585, 0.06301100891828215, -0.03699996565396603, 0.02233938740604212, -0.06831556354364982, -0.07161398017055277, 0.02035475975181105, 0.051958433344517885, -0.024401611129988607, -0.04773889023675784, 0.013867677949692752, -0.03661019605453993, 0.03968320729901755, 0.04554464547606555, 0.039169013489828125, 0.03330070797563418, 0.013877298370713508, -0.024294245365735358, -0.05950796509808035, 0.011774992139780293, -0.061650798459820466, -0.014394048758306603, 0.07257119191172637, -0.007628872649246887, -0.04393206412184812, -0.007362654503473173, 0.014928104378180294, -0.03288862835222679, 0.01251389866960656, 0.0016463743975247205, 0.01608788921314442, 0.0652599106259505, 0.042554942998041884, 0.03541532085064368, 0.0011052194423044857, 0.06865952783243871, 0.036786261914576186, -0.05588288575561127, -0.033819552459732394, 0.02177557013382686, -0.041259930435669306, 0.012822833159475668, 0.01497549565209439, 0.05990569567656466, 0.03403743122226851, -0.01066111030640626, 0.0020573587867165136]"
shanghai,4,121.664947,31.641976,"[-0.37710344441933463, -0.23250164255876832, -0.10930743888416286, -0.14080330603477503, -0.017041188252231963, -0.2562784040049795, 0.2054864503926125, 0.008480146911064058, -0.18368899976960962, 0.010277711692930042, -0.03981240788811008, -0.03767722697425736, 0.004269291860441608, 0.2072256859576136, 0.07157037246831344, 0.041394074556912575, -0.18342730200260268, 0.1148415043611348, -0.391964829367533, -0.09064080264916194, 0.06305183833685443, -0.10319477083698325, -0.02666258399937686, 0.1562518418662218, 0.12336649026398855, -0.08707913597258643, 0.2078545530242524, -0.20136671516674579, -0.2845073877892014, 0.3133941528005324, 0.19321352027322605, 0.24131818949642775, -0.42614244637815646, 0.1580518703367128, -0.2806572703604532, 0.06461145488402217, -0.19099560785969985, 0.41463460800948393, -0.08354481603656257, -0.14284733251166543, -0.09255499706752637, 0.11859508722014243, 0.12692893015866616, -0.03058179036652798, -0.26901472970748547, -0.050726836731294855, 0.09794914463630884, 0.04120868873669325, 0.05587852528733235, -0.1371816346077591, -0.06686452363618312, -0.0783384460994349, -0.2219533118077542, 0.2252196650525517, 0.012499086957649726, -0.11584183301969175, -0.12479248862792162, 0.11543183543932597, -0.007868616444985661, -0.024148809438169726, -0.06935733776491648, 0.1874319132224405, 0.14792913283871406, -0.2006927108934225, 0.2364773251246544, -0.015495606218529245, -0.10897853147185894, -0.28733327452496366, -0.07832300565290623, 0.07902741108476172, -0.13578654491822606, 0.10578703841662478, -0.19387099873202374, -0.12625213693412468, 0.04828449042208854, 0.11886063302273722, 0.1800552106955043, 0.13142311085029493, -0.13467894947046882, 0.17190460534653765, -0.06605118868272655, -0.29047681506201395, 0.1449190999052107, 0.07369130896888068, -0.31194153849959344, 0.17697015165358812, -0.0649569567752874, 0.1320916440416103, -0.22599657103462653, -0.04755427934643284, 0.02958956064908619, -0.4428880387916252, -0.35740424814064536, -0.21827245488686198, 0.050889916533291196, -0.12047237161437035, -0.09553810018102146, -0.11462196654258916, 0.29743360110845674, 0.07698346249022797, 0.1876846385127203, -0.19529548166833907, -0.36098051348502797, -0.014092058228937894, 0.10314241968906623, 0.07575159738985784, 0.11369332865774562, 0.0006513467277212172, 0.17375665181049016, 0.030836388956678507, -0.08626635438237856, 0.0651860802520582, 0.11604010371621995, 0.19002332325694812, -0.03406675238880197, -0.02357226878167489, -0.11560408513087087, 0.31383934943651026, 0.05927469164924826, 0.4564290752676801, -0.2346351339902505, 0.002617142589130186, 0.37904451095132197, 0.11955973513796084, -0.0024967457576149654, -0.13437152689031964, 0.05539394420434289, -0.09544462592392565]"
shenzhen,0,114.050339,22.537142,"[1.3495997723596778, -2.2081954416450293, 1.6612317270183554, 1.199205428339356, -1.7966140152174972, -3.671577893124167, -2.971914247195706, -0.3448290196157635, -2.1502947909415977, -2.7515678037514797, -3.320558399342278, 0.15189742513202087, -0.7721496606257964, -2.1769881634586694, -0.21862055448392953, -0.48131529699376385, 2.145154741079171, -3.053491350227757, 1.3233061083951976, -0.8050305038749368, 4.2066340349974745, -2.8574220308517897, 0.2688613855014605, 2.583613586137132, -0.6881456652609172, -1.7734872613890567, 0.6610671491322732, 0.12660709620191798, -1.306835879204323, -1.8576989857658688, 0.47361087149784475, -0.6032894062042448, 2.119692543937564, 1.9618676163866489, -0.9575672209081026, 2.471481676144728, -0.38280564570793496, -0.5718872924198316, -1.1213479140387697, 0.7023118848569863, -0.5577776336906549, 2.467156153622444, 2.087985352110957, -1.7380662779475158, -0.18632064674460427, 1.0552549807171716, 0.24464417626647755, -1.1246788550162126, 1.6743071513514358, -1.7070959963200356, 2.5827462690870777, 1.6628592024490338, -3.136412157056732, 2.003642163789445, -3.4930773822688903, 0.29782765304410885, -0.6826067297668083, -3.3892366163921994, 0.2547891912317434, -0.6995476970987585, -1.8496771033556154, 1.4351472577095048, -2.5439744856194624, -3.483778009416724, -2.712959015315655, -3.3877666434887215, 0.5805328093907735, -1.4885594754934983, -0.8735055046043158, 3.2172593421003843, 2.6137541361998147, 0.6117460636833145, -0.8577608090346911, -2.930563427416703, 1.9831755289868032, -1.9512868864492312, -0.4503487793122324, -1.7473117569602912, -0.28366158177589773, 2.5572772249434976, -1.0912216784505349, 1.1694757955774233, 5.048802405753818, -0.4700001368239858, -1.9577834963563339, 0.3171460728824534, -1.9006191025336885, 1.179155614009892, 1.1611124105726718, 1.113111536130317, 1.4587284873308912, 1.78448500440433, -0.06694544151071984, 1.6614838060518047, 2.4249809187932247, -0.3590781771398477, -1.1229371732598523, 0.3696795247825696, -1.073038740955947, -2.54223641639054, 0.972913873141249, 0.30375544977562163, -0.09466320854197965, -0.2584948537819386, 2.8084366903008338, -1.2927786456709986, -2.2491495786891984, 1.2801126240641394, -0.7393272179344348, -2.407456803717657, 0.8948044330982734, 1.3748043806383996, 3.685233224463683, 2.311541100800847, -1.4604642750727992, -0.8479783771147505, 3.459006572890763, 1.2115594273381889, 1.7904053531564479, 0.43067748738294725, -1.6532641983835636, -2.9523622200189394, 1.0680095905543079, 2.1877291075240075, -0.380935599029517, -0.30726231544678606, 2.968051324743443, -3.1860610420194875]"
shenzhen,1,113.830311,22.527085,"[-0.19161926685607106, -0.1260453459637524, -0.04946654395259461, -0.06858251688895063, 0.0011522816177679633, 0.026836345272604745, -0.11369310998846464, -0.07024528056696488, -0.12313988373141828, -0.0806897088715244, -0.07331226591784018, 0.1907634839459508, 0.008892657278016646, -0.019426177715018964, 0.027102574028178027, -0.028377740086708195, 0.008717122882963025, -0.02209638623451264, -0.16206746417036327, -0.11733776005729965, 0.10686806261141434, -0.05584047239975877, 0.008108058932729097, 0.06655111387403748, 0.11396837279663782, -0.07769040954710564, -0.12069446937281769, -0.14848298515765804, 0.006028963512992659, 0.017038182048528548, -0.0791210923252432, 0.13985052520639882, -0.014720760535766424, 0.17859785578792667, 0.035836163339622126, -0.00854438073803044, -0.005521959442854843, 0.05465437593994256, 0.11923145238432792, -0.08274443112361417, 0.03382057091575259, -0.09690044502462503, 0.057512903803635315, 0.14051007853151765, -0.1221063185961928, -0.20761515832409, -0.015796380989687643, -0.0465293836817555, -0.008748325146566267, -0.032657406985262746, -0.016607113296280687, -0.12147217399363615, 0.03309719579068747, 0.12915691202724738, -0.07700907196493412, -0.009284516446361602, 0.07934190772061944, -0.0489401400468764, -0.17085711894881164, 0.06390672682365492, -0.03608705085623519, 0.1849363128474063, 0.01158943265126703, -0.002105289786249666, -0.003280567028731675, -0.1356969960549611, -0.083577671441673, -0.03960595447630118, -0.051674124167617574, 0.2583227570476836, 0.0758620314039852, 0.003345638822133054, 0.058426186840022654, -0.054620055391402404, 0.1933492372082801, 0.1034244039503032, 0.20770371484889918, -0.06980618369293783, -0.16213654065377422, 0.08472987642608684, -0.07143147564456245, -0.11117730384922359, -0.011731462716863764, 0.014051706513128464, 0.046431134436030794, 0.2353322221888534, 0.007141095125541801, -0.010091458031329579, 0.00039937457888145067, -0.08311678739822558, -0.08959775493973912, -0.11489363166284579, -0.1391146819550424, -0.13039497892398644, 0.07034220176083966, -0.02774469407543889, 0.019085946376570746, -0.005139312921507512, -0.05904915631447559, -0.03016924532609628, 0.028959824191731726, -0.10088417460908064, -0.022576458471511296, -0.06796891619527079, 0.025268558775466174, 0.0921688442047487, 0.03903546423906967, -0.08695398398605628, 0.015328568735271601, 0.13169936827394882, 0.011023521371989514, 0.05585711300371421, 0.06897656953380964, 0.006769699913167317, -0.011070874539038343, -0.13998452453601146, 0.0677358634199316, 0.16079258351427994, -0.01300258854485504, 0.14232187365433158, -0.03193597584540031, 0.011736590140587807, 0.11294874646385786, -0.08374525250941058, 0.1727633380999353, -0.02095458068147514, -0.14135074589400012, 0.022175046218465888]"
shenzhen,2,113.81655,22.427944,"[0.031824600441971565, 0.016991633202769266, 0.03088594997531149, -0.020395248748578003, -0.014785492919762687, -0.0031158806928810526, 0.005862353794984164, -0.04800923718598281, -0.046527246118966824, -0.038470508922482494, -0.0018069347877451049, 0.01742736153930194, -0.032184885301376996, -0.03401227315921686, 0.0316088773507046, 0.0028744783498073287, 0.01877292993277389, -0.01470021956069172, 0.023506899740173802, -0.0024566815335103354, -0.00025037152490024576, -0.017460088075539032, -0.003295103821356774, 0.006595091487868488, -0.00870294035454372, 0.03208613568606761, -0.009234278846212429, -0.039655551404372144, -0.020903071250224323, 0.026209003585009397, -0.04527071629713082, -0.010712696296984472, -0.024288562466330852, -0.031924067352304936, -0.040077103960009554, 0.03207058954819921, 0.03193177401688675, 0.002168335705492328, 0.04140129602331982, 0.051596315644525034, -0.03297945582410554, 0.01487207381978519, 0.01686156598631032, 0.006374225503109162, -0.022864809492010488, 0.037465664473852016, -0.02238217177851346, -0.009396784043792303, -0.0035914151055606094, -0.02563151711496113, 0.019017781594953646, -0.011440469684559652, -0.040436383688818245, 0.005387304408123175, 0.014240826477849763, 0.0167112112311848, -0.013764207722273956, -0.04566886775254711, 0.026298431720670284, -0.0388312738256425, 0.029932599893094033, -0.0010665257305577111, -0.030818628031119163, 0.021513098232077376, 0.021331069367094835, 0.02295834231177687, -0.018195382525208657, -0.04782385836991875, -0.030405223527536912, 0.025911132903149166, 0.004000415651240106, 0.051290612542620025, 0.043823026299082586, 0.0024800471979322045, 0.02868424897082297, 0.013374470352487337, 0.00759590467717218, -0.004837097198446376, -0.051979974031230655, 0.0007581117943142182, 0.034560116666947326, -0.00047898960341468896, 0.02863620858363733, -0.013393840283358861, -0.017769009341858367, -0.031010543031800376, -0.020537290937562905, -0.009342643192904135, -0.013740175845483364, -0.010651553310060874, -0.02914577653956521, 0.007982112419608438, -0.035237958477384874, 0.04472380010993146, 0.033584807633453034, 0.0338708888667788, 0.031246457909601382, 0.0024137348943059703, -0.019391798138338297, -0.05629971406872221, 0.007956864907910016, -0.030977413722536207, -0.02164632043430775, 0.045265994925219565, -0.018816833351981595, -0.006695974377625983, -0.011250039154200444, 0.004334251189222893, 0.0015946565698056123, 0.004718616529557888, -0.0072934272372233416, -0.0028368722994446087, 0.04527580707954343, 0.004797428149545556, 0.038076193585785824, -0.008239624303422767, 0.031689922118036055, 0.0590905667046228, -0.03539921321269852, -0.005040625356313673, -0.01747454620366132, -0.013911912617761285, 0.03770456485976949, -0.0006374925657344054, 0.053343710615867845, 0.024439499068783656, -0.0174989296165228, -0.019272611590964744]"
shenzhen,3,114.475023,22.457576,"[-0.041314602969338546, -0.03475140142306501, 0.05791648682127233, -0.0013495951262851025, -0.04273122123074247, -0.11540458597356382, 0.006801972735130143, -0.05367258669947887, -0.0753556673673351, -0.032832017939298366, -0.035322194471640686, 0.04292232337203214, -0.002490990420515069, -0.0052239471569660995, 0.04850522354775365, -0.07149763917407916, -0.00923920692329444, -0.04063063266233562, -0.09934318898096056, -0.005442204622268687, 0.08932965388721274, 0.0201271875166112, -0.03445033005534462, -0.05335875340764855, 0.030643326885799113, 0.0550890071199, 0.021893742717711752, -0.09297263628450078, -0.04212260703984402, 0.009953524468823438, -0.024506296132893755, -0.043984340105283126, -0.037036543234570965, -0.018393086777581773, 0.007063423630101019, -0.011695440140437809, 0.0029631645247994286, -0.03944384587256408, 0.018377565412539525, 0.010739095439068484, -0.006628617943663803, 0.045917126337113624, -0.0034525891990719883, 0.04414927481428282, -0.06086218247636542, 0.02544493062291574, -0.04715052939275079, -0.059175495562613555, -0.01603106903372924, -0.04894207814036935, 0.02262026392275597, 0.0003585202235589103, -0.05557287007130186, 0.013811553779496655, -0.0197358732938218, 0.032442489226215364, -0.03143059363007428, -0.10562972270373454, -0.005888201868086737, -0.03003405972540304, -0.046651845928649766, -0.008212446293744282, -0.0501308387014958, -0.030008521912550115, -0.02731098653921203, -0.010500631825416488, 0.032947073095431934, -0.061290691948804786, 0.00959940986918116, 0.040321470667197344, 0.08706591734772134, 0.010194559551371475, -0.013047757298527411, 0.025641246199340002, -0.02202916920189331, 0.02710851836535848, 0.0036187163190612402, -0.008835193848727736, 0.02943078090810544, 0.0097744908579913, 0.005889057148882007, -0.002562960693314579, 0.08664878022669402, 0.013872338357955327, -0.002564606719561914, 0.024864524971674434, -0.051087271232843144, 0.023601922970568075, 0.051980374924232686, 0.046418168483901116, -0.03847492125905459, -0.02225927961462774, -0.030702430214502866, -0.012394415765066127, 0.10064678856493157, 0.004654415887301144, 0.045330144491059904, -0.008561453045660769, -0.038174121756118215, -0.01900798437483006, -0.061705022488073136, -0.03879602608030629, -0.060334249146396686, -0.00581756515702192, 0.020230856820645952, -0.036774034708239305, 0.017257358743566237, 0.02282231399749784, 0.004733937449795129, 0.016998051708241296, -0.02915267048599811, 0.037102687013550115, 0.0345387087407969, 0.07254047485937175, -0.02936162098764558, -0.012351818935419263, 0.057572397970638206, 0.10102568228717886, -0.005658630894298525, -0.008256007800875778, -0.012791363070571531, -0.06845527429225595, 0.06998454972528165, -0.0035637385360854576, 0.05139486551129108, 0.07851682528252683, 0.03423327672277446, -0.06766396841860413]"
shenzhen,4,114.442258,22.666392,"[-0.6375514721525052, -0.3488044150477478, 0.48960712829865627, 0.46361637116069704, -0.2187036522853495, -0.44728685556405634, -0.4174110851897874, -0.08352453849882838, -0.6417798407611177, 0.033544304634009724, -0.5797622827425981, 0.12526334483724444, 0.04902716197002813, 0.19304210077711265, 0.16093226987762893, -0.0009443575830026599, -0.3230141743964707, -0.5688906465908244, -0.6158355830260565, -0.2763742453224952, 0.8839637425199067, -0.10287743763827137, -0.27638322938233506, 0.15785318052890449, 0.37890268969667146, -0.06898966706790174, 0.36603494485845817, -0.1354655714117561, -0.09209104510389526, -0.5130113188429172, 0.5272185531098189, 0.46796299922621337, 0.15361184350670912, 0.1620458795576143, -0.11112736452495275, -0.3369043036815212, -0.29567563952280856, -0.1562144830032063, -0.13939777241903187, -0.3141334492221366, 0.5166670750517748, 0.18689117306180422, 0.41337128051151245, -0.15740775954986233, 0.20946173731119994, 0.04252572904723913, -0.3077326296594081, -0.10250493938954396, -0.27394647414164397, -0.06300544843532348, -0.029198146040329033, 0.1579098722140581, -0.26954496759711877, 0.2783150775225378, -0.21516398023554614, 0.159483599601981, -0.22129759392153947, -0.2617561835988502, -0.1800868385485649, -0.15241583591601526, -0.616420738570441, 0.4205680570948274, 0.0970554503219577, -0.3346884328114041, -0.4510288142499811, -0.5884108977546214, 0.0602433963301761, -0.047946159432383395, 0.15064001935725654, 0.3458668109247318, 0.6719803316092704, -0.058057423412257475, -0.2696384702614379, -0.30831347879697074, -0.11607713151662319, 0.22504681933468193, 0.2839705796564621, -0.32097691377367604, 0.5880559993346982, -0.23291911832602236, 0.09837676667668233, 0.11525078359921566, 0.7342127650350606, 0.34197008663259615, -0.4545825131134317, 0.4745836588317594, 0.05923046726425197, 0.0917134170265542, 0.007432259199854692, 0.6620285997653873, 0.2814768327598122, -0.013265852087732195, -0.1493182014433293, -0.07122950650132956, 0.4711658243521643, -0.3155255347603435, 0.005357439768628295, -0.1575173923665409, -0.024186029440679144, 0.0821177692250627, 0.022444473321162645, 0.1872684346616285, 0.018856631539597844, -0.6845154525395544, 0.21484584633048642, 0.013223222562773116, 0.07032129423753689, 0.21331942978161297, 0.16955840183791573, 0.09112829612785035, -0.1921478467897338, 0.30322062625941787, 0.4349858248055983, -0.030021252893337368, -0.5266162658965666, -0.37725119365837445, 0.4885367523189583, 0.28680755496662513, 0.4593048267318635, 0.37827900720728763, -0.05836212982682168, -0.26000593341247874, 0.4481247730878592, -0.01832153171852782, -0.050366956533094434, 0.020988836096983612, 0.46145806230494824, -0.4475670502937325]"
chengdu,0,104.057273,30.665787,"[1.162039246448791, -3.74380023908402, 3.1580815899914882, 1.1215401476943447, 0.2660213645632509, -4.396427791026861, -4.1983962697411314, -2.4833230253736978, -1.7247457592176771, -3.258592204649268, -4.358284506061584, -2.431459929020598, -2.103517507755564, -0.9275166294902294, -0.44750855617855007, -2.650582814090619, 7.83692709662612, 0.6468106982487637, -0.9511908269651058, 1.0136782774462967, 1.225623772523349, -1.4999110942864364, 2.0424366929949525, 4.681975878719404, -4.222533875525752, -0.7442929132401472, 2.016744287511556, 4.5056410304047345, -3.716274284899478, -4.534325317715571, 0.41877099685846414, -3.077568066606527, 5.8307915770807535, 1.569312411667626, -2.5358194089172628, 3.2817832497691755, -1.5288379341215814, -0.2055117554251964, -3.626640647682749, -0.8798288634248888, 0.2156068288490356, 4.248130330621243, 3.4613617608851484, -2.3015526115003815, 1.4255581068103735, 3.121851159701353, 1.1254203748568177, -0.7838154784336878, -0.5306599374082526, 0.7532984618514433, 3.1295963484137252, 3.805963085176415, 0.7410142587123549, 3.0655434741404473, -2.1832767291459674, 0.3898965589277442, 1.6016826538814812, -3.077276588471294, -0.7621846661070302, -0.9111930625285659, -0.6735938784111846, 4.159346754971579, -1.5797887191574826, -0.748275417235305, -3.621647457626897, -2.4740944634691666, 1.7390323691230078, -0.8818383260148188, -0.7897260816231567, 4.94664589374597, 2.388568941837558, -0.9979295091459051, -0.749508066943107, -4.899579225114782, 2.4393203258576426, -0.3612880041174193, -1.5532935597593793, -3.294597688735432, -1.5786245562412846, 3.648070990630328, -1.569809889233408, 3.412504779071884, 2.101597059985743, 1.3639610947102585, -1.8670345548129659, 0.6195496106119068, -0.1949224156057915, -0.36078384525096013, -1.4604835070602349, 1.9703279763782484, 3.5086779287351315, 4.054082931878587, 0.8070344594056507, 2.7888618153026807, 1.3357983666576314, 0.560417549760294, -2.359032240281668, 1.0012900704818384, -2.749857209823744, -2.705559974522744, 1.2799048076670616, 1.3071986116097962, 1.9338419557769408, -1.407053894116174, 2.3960482721311442, -4.966866042578861, -1.250891365008347, 0.1985934477046617, -5.376270033731414, -3.2255073347619447, -0.1901177928989829, 2.0747511909137573, 2.7781506255899386, 4.456124923941244, -2.435640374393505, -1.438882137724287, 3.2867714885858574, -1.0300489274206213, 0.05864069796650705, 3.145468677143814, 1.2660798158072826, -4.077195074648751, 0.5091893578122645, 2.2269105295419593, -4.811852213728829, -5.00729031724549, 2.098216353788969, -3.7037676341863675]"
chengdu,1,103.759086,31.325272,"[0.006259191955255969, 0.0050792305545869255, 0.0030480334839444933, -0.022563614001277023, 0.02490656835526191, 0.01537868262432017, -0.009357618326080635, -0.02319631733718613, -0.039998701801062436, -0.0035271685095550186, -0.019332514850406195, 0.049351664575487515, -0.00903406118899502, -0.01832620059864043, 0.04774851243282048, 0.028557876326587964, -0.010499820786604625, -0.008727500952035156, 0.013204213566605186, -0.0351449341656417, 0.0039759330208699335, 0.005773255242169028, 0.010260548717531296, 0.010435609547381498, 0.04822153882039255, 0.017596136863864367, -0.01628604744920356, -0.05909362629623023, -0.0019441258252686586, 0.022652940580933242, -0.022634615570442322, 0.02913610034759341, -0.0457408490616132, -0.008097888554417572, -0.040502542383015025, 0.04157488849114291, 0.009716275691730619, 0.03414488645344574, 0.033234291232296084, 0.011676439116479372, -0.03811377830214849, 0.017022573289221073, -0.019146909017205695, -0.004516696536167923, -0.02259246717648411, 0.03461489282583579, -0.01436165756624716, 0.016505969827531136, -0.04755259683011084, -0.007734069245748627, -0.03272800595229107, 0.0074890547296428064, -0.03706333515134697, 0.0239289260693566, 0.021683163083045447, -0.012308750131879095, -0.024032170832709386, -0.017312818872196607, 0.026391725805148272, -0.04242075048248293, 0.03159207269436288, -0.007485238051434932, -0.0020967203004778378, 0.013246049729722901, 0.038690723370986536, 0.011071305115861541, -0.03271878922895892, -0.03758338539896269, -0.054205270555440915, 0.03445810975838333, 0.006547252778381264, 0.05988176147213624, 0.036667302509921285, -0.0180148999421211, 0.029525814456290975, 0.024441811967471232, 0.02005530080774099, 0.029184006157100206, -0.07309449565809834, 0.005659981656628722, 0.056315748749934606, 0.013504361740340571, 0.0031261900866552767, 0.023759850762389022, -0.0699626403608106, -0.003994439631981839, 0.03269133604064077, -0.024955904003746573, -0.06077028912523441, 0.011864323413783406, -0.007688068388183044, -0.006644542574080051, -0.04568137042136203, 0.04111370782054401, 0.007760231185810228, 0.032737168545851555, 0.037290450775699216, -0.002925112771035433, -0.030022521362476393, -0.04008744883991658, 0.0034169532260921974, -0.008572916986010284, -0.019227786460400815, 0.032566316501370325, -0.03401453241303755, 0.024990044138539887, -0.019330691897170283, 0.0012557928908347917, 0.021087954446329847, 0.0006435351460195947, -0.021325651103785655, -0.018439973990458172, 0.04610788973042822, -0.015617002430478477, 0.030146029629709394, -0.020104619352014283, -0.015615779453985065, 0.06929800085138248, -0.015678054367659677, 0.0180261952349593, -0.0497301837965367, 0.0061103294219940546, 0.0565263172374788, -0.025137738711668595, 0.025273477398413152, 0.008834873714240209, -0.015872021537353027, -0.02279145332055245]"
chengdu,2,103.202308,30.719017,"[-0.004673214084263161, -0.022119575005725194, 0.01207680479143412, -0.05497166281333135, 0.05510130516602358, -0.023667456511161998, -0.016756835462792146, -0.06071374266957121, -0.06141558149744122, 0.05672759487126457, 0.07220872256856879, -0.04505468446482548, -0.09928973965485077, -0.09289787943408982, 0.13618292980152252, 0.029560591979471664, 0.1552863340967244, 0.1552154767705658, -0.06604208898742923, 0.17911927245816386, -0.044104143403871844, 0.004316377433955, -0.04339169083336919, 0.039885390741029814, -0.15332379991246542, 0.0273817472123816, -0.05730100422661432, 0.03671504952914678, -0.0419563421909795, -0.018643666267399273, -0.0889936349274004, -0.023515677374130774, 0.00745581830355542, -0.06280923687136322, -0.05108404915544177, 0.06322332373506842, 0.013672575418594023, 0.033995600765870854, 0.08607199178317992, 0.040304996150235084, 0.05062912954730557, 0.047401505361756635, 0.009635583822987395, 0.03786949375819685, 0.035775467799567764, 0.025122279879481686, 0.009868815034548603, -0.03946971084399817, -0.0790649253291808, -0.051636509929140026, 0.046565599513304634, 0.054142223319545386, 0.043611695611642576, -0.06688808119876674, 0.015351838377336115, 0.011493278975428404, 0.05331049123087335, -0.020130851210059135, 0.016850439817931114, -0.06299058019043693, 0.04555486700712977, 0.06588504557265895, -0.0509126059506976, 0.13444001235739395, -0.0050731232718040364, 0.09448688180886972, 0.013200913784693645, -0.06775417651339381, -0.1233622882792649, 0.034083899209259846, 0.015421151273421994, 0.032296691796476845, 0.08384956892262826, -0.0841357834388087, -0.10761667657828652, 0.04799173864651318, -0.08612244691159258, -0.04099004845981707, -0.1873712642480948, 0.09526165840889844, 0.04320349633910614, -0.034305481601133406, -0.05543159960275271, 0.028615343944121577, 0.06808858790486998, -0.024242019983641776, -0.04012105086126023, -0.09016727358854162, 0.017864134724545233, -0.02974762201988787, 0.04069706388785836, 0.050303098279812566, -0.10377174796250797, -0.022321297571172433, -0.07277473875571384, 0.10191897682855283, -0.007100794686289144, 0.015106040570396672, -0.05365523973189229, -0.01882605852281965, -0.17097346504306277, -0.07041332605098488, -0.0025587767995156815, 0.024447576802728476, -0.10271407567894189, -0.10349352792994644, -0.006292849968368878, -0.07514858044300439, -0.056609887024590425, 0.07403544915117694, 0.021040482446866245, -0.06009796390768683, -0.06044036402102261, 0.04214921022482811, 0.00961983879547089, -0.062516453732054, -0.07256283122960484, 0.030178984919080214, -0.04917174044983336, 0.03192175705384162, 0.0341803976992377, 0.04091005765038099, 0.030054512841868705, 0.033678234131441796, 0.055383892319186195, -0.09002171111749764, -0.09494115954499928, 0.03397308564147607]"
chengdu,3,103.611393,31.247281,"[0.039367430472032325, 0.005941893322671043, 0.07459509920172602, -0.0023275784113399173, -0.04902487955930484, -0.0617691023245982, 0.012995216698834888, -0.07268852613256291, -0.043479346499059636, -0.0705763519148346, 0.022176667513813135, -0.03127571736194448, -0.05393638335319862, -0.043022842577811554, 0.015553341456840845, -0.04814527150657896, 0.05412013623165517, -0.010004821546272203, 0.03997516997973463, 0.029034220476448817, -0.002850457724880795, -0.03718678788406721, -0.014850625117941406, 0.014195693633778796, -0.06356683048197385, 0.04200284479005377, -0.005649088393970565, -0.0034962251742630124, -0.058915191055040006, 0.0338776875936295, -0.059268005387490254, -0.06541757210656235, 0.021944844475721523, -0.027268115282586297, -0.021155377796874368, 0.033499656061264746, 0.0578809314738464, -0.029512610914447922, 0.050077409707258325, 0.07730694366005225, -0.03074891637999179, 0.0007821269311025017, 0.046159926174299024, -0.0002847041467954406, -0.01006001827154996, 0.037524243594271506, -0.033819243735838944, -0.017865709199934684, 0.041226931665341485, -0.04599643062497889, 0.07485761264017532, -0.01997151914219202, -0.03812059208126317, -0.016699812217844064, -0.0069173088305291355, 0.0521356945858618, 0.006681799903986839, -0.07441317673825709, 0.00959019641078683, -0.02513178812764192, 0.02848864980613968, 0.003719413475374687, -0.06267355654501103, 0.01857751467002984, -0.025873882003720566, 0.026638352219226776, 0.020459994598265654, -0.05380202464751278, 0.018705629731104942, 0.01117717404483783, -0.0014265442989391027, 0.027427668776234503, 0.04263703729380013, 0.02842751216590895, 0.017804656003757465, -0.01975214261290456, -0.026169178849802, -0.03363747734857809, -0.02651060932463411, -0.0056906201819408395, -0.028626367014745385, -0.0012148611636948108, 0.060649894555288755, -0.04326989275797215, 0.02241104946860692, -0.053395274885174836, -0.06382226658391947, 0.028717312324058844, 0.04277246536720189, -0.0273624826641724, -0.03779116358381004, 0.012070142095356291, -0.02779927227235074, 0.033021724201153985, 0.04434431950276352, 0.02441664142597084, 0.035116503217901156, 0.02064589524904687, -0.021145986060423887, -0.04753038804742311, 0.021013716521430376, -0.04834051881666449, -0.015132641184497404, 0.046649764086269, 0.005081766179364865, -0.04466331291511763, 0.005096829846198709, 0.022727825213844748, -0.03210006322107712, 0.010031518153806814, 0.00514989313766865, 0.023153526136119547, 0.04500699605457359, 0.05207026226671982, 0.027196021190139114, 0.010202183666048234, 0.06454227620398476, 0.030685561936714137, -0.04653994627842624, -0.026686314970414897, 0.017914586034071665, -0.041573393037337286, 0.011850314220316849, 0.008232151259908217, 0.04169976772132597, 0.0229851339521985, 0.004274425437140343, -0.003513140803716227]"
chengdu,4,103.667929,31.14487,"[-0.5627561124709467, -0.4756500675170502, -0.26589263141860237, -0.16207579738279582, 0.38872549778168397, 0.05170364857755983, 0.0261511624932122, 0.05999014002587462, -0.18514718584595607, 0.37456007655395696, -0.3767777884479977, -0.392071083562005, -0.06745560297407503, 0.3912584686243195, 0.3838314842574611, -0.1052136606861841, 0.06006332149203085, 0.6167752080321294, -0.6541677742995049, 0.1622743340063056, 0.040683479959440945, 0.2425728875493357, 0.14678470613598463, 0.04281671707089928, -0.09308168574988773, 0.11042528295106269, 0.3783201127147523, 0.3642793664282765, -0.11595788912044395, -0.1911925972230032, 0.281680376158, 0.10599797067214566, 0.1285367487483057, 0.09320678225436627, -0.23519157666558876, 0.20197259416947888, -0.2826033370347963, 0.3438988201182814, -0.26673022780469113, -0.3676112390498965, 0.29553400691313897, 0.24058871844728785, 0.08927564475422643, -0.18928459511166806, 0.10416844960255472, -0.044388738750607185, 0.18156582706492685, 0.3266484728710518, -0.7885342066858599, 0.5158238087579546, -0.17521358139631776, 0.41822249782370424, 0.2622197982702736, 0.19282181825755115, 0.18240235958763035, -0.037840653250656366, -0.0778442832436794, 0.37817263529444395, 0.20174563895138908, 0.01585023818071886, -0.008963392617117427, 0.5747525540837417, 0.34083110893042323, 0.32911995485312817, 0.16026333623936057, 0.244261626062204, 0.43487475289914673, 0.10482967625197756, -0.15349336072186448, 0.12082689322430341, -0.16797956768361805, -0.2681180302107001, -0.2758150013750857, -0.37667897883669765, -0.19146485589207146, 0.410578924950928, -0.2015538634701163, 0.12919263842387002, -0.32170145057421545, 0.25109362029410004, -0.11405336236990263, -0.0007913310505707823, -0.0694861619114988, 0.38818495041430084, -0.1183066591074261, 0.2675648198330161, 0.46512113959796964, -0.23006480869766616, -0.5517882451691083, 0.11626828663373212, 0.43223455805193384, -0.03780499010085701, -0.23720802277032746, 0.03178402815574673, -0.20085404726416217, -0.07676373289998313, -0.04970476029955402, 0.052543220693204, 0.17443527585405438, 0.07484663393884605, -0.3711395273018007, -0.01545153695189555, -0.004753098978595625, -0.40529466776119943, -0.08563298279526552, 0.06004537726310751, 0.2499869905594762, -0.025442262169562312, -0.00826264538453867, 0.20422042505532603, -0.0729004995091951, -0.12298092099307352, -0.24359114806895965, 0.3023844459522008, -0.031599642702170624, -0.10144456843678909, -0.44565722159274435, -0.010382229852525168, 0.07159806967459342, 0.6421577426313463, -0.18311542490571897, -0.050760491303452636, 0.1564979107422588, -4.945844235882107e-05, -0.6789227348744143, -0.7122177108626292, 0.04248350955557273, -0.28651781820266253]"
wuhan,0,114.401522,30.484153,"[0.32267653173968414, -1.60180824683182, 2.1170046110723524, 1.7113565242415774, -3.850053363339662, -4.605295452547102, -2.953676634070317, -1.2727059041159074, -1.1906046548256994, -2.422495239444177, -2.1794321766692857, -1.8001511128517005, -1.2452607674653398, -1.7329093693709352, -1.7124354799529313, -1.7363560260667346, 3.2854964781253555, -2.783044537719284, 0.4739522562747147, -0.9963631040099049, 3.6718409637801646, -3.109427098602472, -0.48352580295362524, 3.8009368800988717, -2.7887743072922238, -3.653413115552732, 0.46902893619780284, 1.1648049112288452, -3.356388453821669, 0.27403760300950625, 1.1871774438643272, -3.663985340280426, 1.4518351230510596, 3.2182785730962387, -2.1096365950258096, 3.384764236413886, -0.839144982035536, 0.56622968724329, -0.9364318920803958, 0.21028565791648665, -1.4346138300482267, 3.5514917899514473, 3.947638365679055, -2.5391534938213143, -0.8321105478833104, 0.48095759894043455, 1.3257392160747636, -0.9807189352815265, 2.5350355665725584, -1.7412924195306911, 1.8010680324636372, 1.1735927485263893, -3.0112894391271894, 1.9067883009823474, -5.892979830550443, 0.3330312678854064, 0.19202156885886892, -4.477764156478372, -1.3880087020589225, -0.3241245400881733, -1.1892388738004083, 0.7310960071102405, -0.9134006850093273, -4.4241664707749235, -1.4253212733076102, -4.010696321561929, 2.6481056204877387, -2.040078508143492, -0.6911430522493147, 2.4444808121187274, 0.86090215517313, -0.0744224297008616, -1.0582725711327252, -3.5158718467438193, 3.689645346664385, -1.8349385366547548, -2.7672816857817897, -2.7261150954927844, -1.2971671904533268, 4.440000946051082, -4.320905291786647, 0.024099905834336157, 5.265989192227638, -1.5593787656637177, -1.5644943072022093, 1.6174624199074643, -3.2041650602190064, 1.7388639927918907, 0.8422620063432417, -1.1693598951257234, 1.8305903520868627, 1.191906718329721, -1.2386189997940342, 0.5164198312950751, 1.009085132534628, -0.2194358114423932, -3.117376955511756, -0.5547955761484078, -0.04520248478581855, -1.820716465039472, 2.3017926405980544, -0.6627616756490183, -0.24378244320431725, -0.48765104946328486, 2.4720691540212028, -1.75233283424482, -2.204628790819583, 1.6635751587400909, -1.2950125298770232, -2.824493634679746, 2.334419757714466, 0.19523487539423967, 2.515604190700011, 3.161707850009544, -2.402933777494764, 1.8900530265467073, 1.8518523395916733, -0.198265011013409, 2.866389969997329, 2.7667733842683098, -1.4296269902274594, -3.1666810014004176, 1.8223276569650022, 2.6683796394925143, -1.3988566436631968, -3.0435529102048595, 2.850356048020035, -1.7578876458894408]"
wuhan,1,114.20314,31.270357,"[-0.28531420064488183, 0.22567112037436032, -0.11351750469482202, 0.18249177197549357, 0.13661800692986062, 0.2050470109719536, 0.057206520025166324, 0.020378420280028023, -0.09349353799558091, 0.45551300567640696, 0.06729693373223977, -0.48390598607671886, 0.4740895897569333, 0.05554823517711932, 0.2622548584557513, 0.473710290410229, -0.14970364782876341, 0.12453015685542743, -0.595102618798344, -0.16668880851905676, 0.12651512119309613, 0.02162182786767862, -0.11756316418328362, 0.06615019726964966, 0.1996258428288129, -0.31912891592755604, -0.11833802838946478, 0.07670398158863825, 0.07322388962347029, 0.25502222377012984, 0.08075460690534218, 0.0928433860905059, -0.5232726465120375, -0.06386245985827096, -0.07680459245701719, 0.3210553286178106, -0.07345911749310496, 0.06191784405302346, 0.03529705930676543, -0.30596504842075006, 0.08286982790727876, 0.009916366580061446, 0.06554162502995599, -0.1715985102238214, -0.3875447253951374, 0.05991327181566676, -0.053013413991057946, 0.1563523200915911, -0.4814582802543076, 0.05296764763438705, -0.4394816131535284, -0.061652427397147214, 0.006149256269537322, 0.009212542991882367, -0.15228715564708925, -0.140278772667842, 0.06083075209928164, -0.13249483495660735, 0.24206887603720176, -0.1873128648378942, -0.0466061455337779, 0.07030443033948965, 0.31908404882725316, -0.0020976634685293677, 0.5048071339871546, -0.12439747890501099, -0.13150514554319753, 0.047207394652043655, -0.5647158887696746, -0.20140194656762905, -0.15667997156393354, -0.015591175637983387, 0.049480192243756306, -0.33868179710619556, 0.13212666674057424, 0.6032599391374007, -0.39044489656210385, 0.06279769261758406, -0.6728366978742513, 0.41699077141968555, 0.09703688962322782, -0.34830513379195643, -0.1811893426870427, 0.07173961320787876, -0.17886057817605305, 0.14511086985957675, 0.14152213202420721, -0.4789486484546879, -0.276412058740934, 0.025016675352019364, 0.049149328297129605, -0.14656906333217667, -0.2526230547980975, -0.052622242504981126, -0.3965341000917726, 0.3980078393660578, -0.2525984401747174, -0.4506319465114297, 0.06956050288373175, -0.1117936935122403, -0.31451865240867743, -0.05572307614147672, 0.016382612302700335, -0.1158338735765804, -0.3509580958909659, 0.48272495322507813, -0.0525622882719599, 0.03496140134854329, 0.39924545349098844, 0.2387524627028242, -0.12535897937095958, -0.3389895549412032, -0.061234316396273, -0.2856040944971838, 0.05952936084705891, 0.11624428780848786, -0.535264504686371, 0.04983178336702253, 0.3783828122623813, 0.3589160156318042, -0.08980871464696374, 0.15462105929919193, 0.1546068646731388, -0.20154391464976457, -0.3123182195945674, -0.18318396504361348, -0.0689314812385898, 0.3340965207876148]"
wuhan,2,114.357904,30.819988,"[-1.1790751159161275, -0.0640598033758184, 0.17857784468151988, 0.33298605783487634, -0.4176141092555478, -0.13491991016044894, -0.017889510083468407, 0.029829755910237732, 0.17462559322022994, 0.061284123337621066, -0.426195398659197, -0.480726133963176, 0.529248371903539, 0.6764132281019228, -0.15648940395678776, -0.4846222434330294, 0.03954883941841412, -0.1267975033283562, -0.989466313261385, -0.7646161878288118, 0.6974524302690588, -0.12994687274938124, -0.1645884419818311, 0.15606437328246797, 0.22114287262647997, -0.7824408383048613, 0.3463779658579535, 0.0877527363340469, -0.2956076155190663, 0.40356741964986587, 0.21730219096160386, -0.14874667974159186, -0.23604557767489892, 0.7347871906633263, -0.3033495390886612, 0.17165562098914997, -0.37797556688038425, 0.27745387089069257, -0.45285063009636134, -0.4765162636881436, 0.4118715071566685, -0.029966202704781952, 0.5128457542018093, -0.24493213386329726, -0.5669485674526228, -0.5556841865448068, 0.04081926116041241, 0.274718968708581, -0.12280710070839236, 0.1876575157205213, -0.5148012300776346, -0.03562050520179366, 0.1754304124301669, 0.42423190597392235, -0.7893333077061784, -0.19904895406888085, 0.02991527164296521, -0.11852849516909746, -0.3868490578000212, 0.24109117642444616, -0.5193977198714985, 0.2251973925336903, 0.8119796269642466, -0.572214210732042, 0.5011150283473447, -0.8660903665378126, 0.3843467788730342, 0.21415597295491667, 0.015933196836277044, -0.05867747783757381, -0.1026803166619566, -0.6583919171234806, -0.49310041317889286, -0.6949335290112831, 0.23207100948613738, 0.3042298539768823, -0.08521827450455695, -0.029957390479673073, -0.19338911782917184, 0.6244582340851815, -0.8888227169160049, -0.2876990701194146, 0.20213292243976796, -0.21093759531683032, -0.28438064182015477, 0.7891556623284285, -0.2501546697910897, 0.37095056650027175, -0.370630365166678, -0.3543310924153003, 0.18915566134710315, -0.6726193857976321, -0.415951127908556, -0.33411323030623213, 0.06998152484944417, -0.1691649396492542, -0.30491894593995, -0.810204870471115, 0.22643045339081547, 0.31989412112824606, 0.22254696686970654, 0.1149024464315628, -0.3563727805204853, -0.7915661180232798, 0.34173988461547944, 0.19626614144119756, 0.4218837132068867, 0.39225785528580875, 0.4121768933595605, -0.19634433037591179, 0.08207442132657869, 0.09451874844585724, -0.34525307225270163, 0.09143792530784543, -0.3985066532100728, 0.40961867774907784, -0.4914111047285846, -0.09837528603973109, 0.8428651285009037, 0.8540697967734067, -0.13342381710120604, -0.11356696566573972, 0.5302441549132244, -0.1917748500249197, -0.6438658242788582, -0.6673121067581079, 0.3886146618113996, -0.07498178717352988]"
wuhan,3,114.473584,30.32868,"[-0.31475772347739805, 0.08534545338369749, 0.0028742517214190785, 0.0011199240449452225, -0.03431224329253477, -0.061234463040943654, -0.0886335105683305, -0.010027076314743956, -0.1546995540573521, -0.13224502809856326, -0.10863125236762601, 0.0864827035112576, 0.16855794355692344, 0.08492246191686649, 0.13073695040332844, 0.042971427072615045, 0.17389831155274946, -0.2233048990351812, -0.2711336959871939, -0.22022163675422524, 0.1531032581416203, -0.02187533953694524, -0.09015080777658806, 0.10733360663346314, 0.19884124528615513, -0.17373120705009076, -0.050096369227921066, -0.1922973545098853, 0.011045430589619286, 0.1606314690083328, -0.054623924078171654, -0.07365521212451981, -0.26092956475540685, 0.05963242985768126, -0.032247295604509035, 0.21695891100749873, -0.2592984906866028, 0.07067891479789398, -0.03763462504076037, -0.2806703415202307, -0.06581885313957397, 0.09860979872997339, 0.12482866403088824, 0.0658474597215805, -0.3985072734449018, -0.004215532251539575, -0.03169821356235519, -0.0691192542990648, -0.15026875226963707, -0.03915266014736406, -0.16713144412890849, -0.05218259288659766, -0.06433875649018651, 0.0069915241775537085, -0.24178184655738783, -0.13112272334120834, -0.01769563411465195, -0.08004186221330886, 0.038041060971590816, -0.2728135724746226, -0.10959457805916331, -0.0061676946313270415, 0.03796142175831233, -0.06722335940622454, 0.2662822971249854, -0.2423787907759994, -0.026484972991692737, 0.027004767840611316, -0.260353827172629, 0.25106429596916824, -0.04765908786089649, 0.009469674053161459, 0.009714890306416195, -0.14929036097419804, 0.2126997942569664, 0.3991675819434947, 0.0026236773117702984, -0.03823210306013882, -0.27774072861437005, 0.1760215914157582, -0.14004294622958183, -0.20452323354829244, 0.04678228615160477, 0.039872914367654916, -0.07431956677675407, 0.34429920965575744, -0.041194489941156404, 0.05992771572148395, -0.24042030265341388, 0.0023608818576169015, 0.018382636858232472, -0.111042482190841, -0.2113798001229187, -0.0718045887197614, -0.059583425622698985, 0.13156145056494395, -0.017907806478490246, -0.20741499769795813, 0.0031043934018203795, -0.08385166983248221, -0.0008236142097518785, -0.11626253951523743, -0.03882334836991831, -0.1399466150315236, -0.10587869689788514, 0.18207034009270406, -0.018836649276887524, 0.010540195641643046, 0.09631173325095418, -0.013367005978700665, -0.08867635288100231, -0.19891255071331448, 0.011537559904661931, -0.03789147541146029, -0.06864220025948363, 0.10053987240545742, -0.22755463207806254, 0.2744451805939626, 0.2730130591194745, 0.3767753190153444, -0.16671148834583466, -0.03856545820147228, 0.2548415357816106, -0.06027404543906424, 0.0873395719005465, -0.17322886991749528, -0.04668923621531006, -0.03958498101659521]"
wuhan,4,113.953678,30.716965,"[-1.7343060706162416, 0.2762795219559181, 0.8263517910161126, 1.2457686188295791, -1.4036132140324276, -0.4130664534319449, -0.48768630711759897, -0.4556806002299578, 0.07545012988529358, -0.9603217252200427, -0.6864628136533665, -0.5238677455700236, -0.044022041251060184, 0.2797534232817423, -0.7739202004124629, -0.6565330701835396, 0.9811153672677005, -1.6615215663942355, -0.8775344984286729, -1.0292523084516676, 0.718890878454642, -1.4734348888134734, -0.7926086747319868, 0.6197048723316789, -0.4725133419627422, -0.9948179878001371, 0.5865123163483016, -0.1418105658524364, -0.6863344319721599, 0.622303801995787, 0.6727717227700706, -1.0347273220295294, 0.07897112126990125, 1.164071262356512, -1.0862446434299942, -0.17322678532260852, -0.6362705115950377, 0.3774488957984924, -0.4432943861511527, -0.8078140254292622, 0.11026070036822899, 0.21265369578711496, 1.9352632196368778, 0.009543565617442911, -0.3957188434381942, -0.9646845758646669, 0.003051469171346126, -0.515856481754021, 1.115810607180981, -0.5890935317719972, -0.09276439385501183, -0.23603487168758897, -0.23197379116832442, 1.0266679832812724, -1.9043861798915969, -0.5670905253397452, 0.267436044973163, -0.9075762513450569, -1.2995666858103827, 0.2451395631939508, -0.9215184289583043, -0.08271944086745546, 1.0884515270028254, -1.1578510966573967, 0.43232841367512054, -1.63733731648548, 0.8234023611039016, 0.0028892725500988606, 0.08182461391498266, 0.04384093307297951, -0.1421795307249285, -0.7012420655792534, -0.8734858444853248, -1.4305871581763303, 0.7945443679275905, -0.08657463018551882, 0.013919351331078647, -1.0892665710195502, 0.032405941620352416, 0.8767910412290756, -1.7612810100322709, -0.4034835975310914, 0.5964014469897148, -0.42105119794912116, -0.8201153492501913, 1.370510970982935, -1.140550418254104, 0.5907990379353886, -0.3728357906807164, -0.8966738564626182, 0.23745543055907342, -0.7031181250163262, -0.5931333360380624, -0.8855978092648847, 0.2695562676858305, -0.030654707612329052, -1.3278109941687675, -0.8956654878699319, -0.15346842365700133, 0.2142952544019459, 1.135146028106965, 0.06638864305935019, -0.43589628016880433, -0.9963405864011594, 0.913984530941461, -0.36109023792682665, -0.05266984451411403, -0.2436977952917745, -0.23576409128526826, -0.896732441676364, 0.9310178399832141, 0.1416614663262735, -0.13461595511555802, 0.31573419704297345, -0.8864094638963886, 0.9359440571226716, 0.47707583293349154, -0.6534816073924071, 1.2439378707999247, 1.6349198407447783, 0.6505839061137901, -0.7628167609204426, 1.0565252216183727, 0.41359596025029666, 0.21750452426412736, -0.8541346894580153, 0.6438248112755401, 0.23543028131515265]"
chongqing,0,106.515547,29.56805,"[1.4732372747218965, -3.666506090103306, 2.903542569341523, 1.5701676430910625, 0.37019030744058157, -3.8510977365617216, -2.992642988575084, -2.380097062930972, -1.229631477096871, -2.567888603541282, -4.093598030990972, -2.8649307599193246, -1.6476696364282968, -0.5373368229894694, -0.3382677915829589, -1.9406679004962004, 6.723639297419441, -0.12609556591090246, -0.1113255329870238, 0.7630375103682255, 2.166235348004617, -2.8746624684096402, 2.390753138194994, 5.265953253389916, -3.4918251964941134, -1.767945128669423, 2.8849433541112215, 4.493148843183993, -4.36705109839979, -3.4663804032580483, 1.2869154484184495, -3.9821033514044677, 5.062337698801904, 1.6858238407852322, -2.981661020235817, 2.9874898332050512, -1.225139468558072, 1.0014428511179074, -2.281363499995996, -1.1670415137260302, 0.739871875881641, 4.661782687175743, 3.829931135363218, -3.7370704597898308, 1.5805179398315754, 3.7240142101043854, 1.4260108120229356, 0.48744701833358073, -0.4016384995641223, -0.01220973741062037, 1.5330345217761365, 4.445851541216512, -0.054217237280937476, 2.290872734741754, -2.419154628848254, 0.1932635573468722, 0.026419785360501914, -2.52948970761944, -0.7539492650655583, -0.506258412025862, -0.11407425682562872, 4.255197028384231, -0.5239701902119178, -0.9513446580064474, -1.9973758109629243, -2.2017540969873615, 2.5715257720373637, -1.568827056619192, -0.9803832195345298, 3.8678144951826137, 1.8209411852264448, -0.3771311906371028, -0.18734307041688075, -4.916969267049758, 2.9511817200882136, -0.6431358255570918, -2.766114929572275, -2.6691970379079955, -1.5872174738951659, 3.935588621675902, -1.1517266993141781, 2.459310882739805, 3.8965229376002863, 0.8178537414074638, -2.818880667705115, 0.5412201029038084, -0.4577228045712398, 0.04256947529730688, -1.14746045430312, 1.2474981104496647, 2.729284526280653, 2.742451991930494, 0.5800109272467754, 3.0660314033844775, 1.2134672735593957, 1.0710553977424353, -2.502342860610345, 0.4791659064519995, -2.463012499449488, -3.153305524064716, 1.2479475129579143, 1.536360444730986, 1.5025990815703227, -0.7860566482338998, 1.6263099006608392, -4.647588281177501, -1.648331134795273, -0.009609623613848987, -4.402433811844468, -3.245012215853785, 1.1244445684950901, 1.4316230968489712, 3.082769078489926, 3.3140985767068654, -2.8522839825638324, -1.276385280531419, 1.9554813022837263, -1.5488315547977414, 0.5491014187265313, 2.8685861668051538, 0.8852990674107051, -2.665625116213022, 0.517116586979181, 4.538894114292586, -5.918995696812755, -5.443097532709456, 2.0962171424685794, -3.43535042582096]"
chongqing,1,110.122476,31.298685,"[0.12132185993361126, 0.22072790788729094, -0.07593802391639537, -0.06304910490598566, 0.23265087948617785, 0.11687650350698024, 0.04627681791631591, -0.03692863075176056, -0.1415938309431127, 0.13592482986420204, 0.11103945491041636, -0.028717536198007376, 0.0507863183002641, -0.16129451420791502, 0.12239486061424323, 0.2698970331876136, 0.23207280019577994, 0.038264517939798716, 0.06619083393341614, 0.20718742160988934, -0.20061176978699796, -0.05025132002260598, -6.088283530023518e-05, -0.03282097431567992, 0.01058119553119137, 0.06749376313173908, -0.1468103802351157, 0.0199622695502001, 0.1252423199755158, 0.08751199945906242, -0.20173625215748725, 0.050701323575898294, -0.19965877210935115, -0.16461575098660644, -0.12723594279489547, 0.1519161021707291, 0.0522497296232288, 0.03903107739594444, 0.2529834619147897, -0.01291194163314368, -0.08172268349536817, -0.09969884962863095, -0.08930463659984221, -0.011670260689219374, -0.0977832792386813, 0.21518582032356576, -0.04003818092749947, -0.1057717063872778, -0.04768861074921235, -0.13987420866031267, -0.035466945586687795, 0.0405241179448483, -0.021837939185797923, -0.1056120261065712, 0.12347642770619802, 0.030427279923733862, 0.004297170065278529, -0.07211272211310013, 0.28340964202459984, -0.17857268083879246, 0.14696696443791374, 0.06053976079421962, -0.09088962854858071, 0.2639986725997202, 0.04151916435440709, 0.2038991639552652, -0.1904820989457081, -0.06163152403345003, -0.27487230273292335, 0.05529987064189638, -0.03639695735112292, 0.23051938942975894, 0.2700914246717042, 0.149867718162604, -0.01703655900512826, 0.2264411206640271, -0.03202890340563742, -0.10912346047141279, -0.2938584716673587, 0.08451964672630556, 0.24381314225533784, -0.12268685219711653, 0.059775829809685835, 0.1368294114062073, -0.00832269250728529, -0.19027439967362028, 0.056973849771004975, -0.13637202951535676, 0.037564553108468485, 0.03414929958070348, -0.15538549129969523, 0.00493428368592799, -0.024622748411826816, 0.09211398490856315, -0.059136578839263876, 0.22968497604605245, 0.07072205754231473, 0.039498837248858686, -0.03855884317939224, -0.15952094451409435, -0.25812493017990373, -0.1886459675351293, 0.07389806775099322, 0.3007259012122749, -0.2728631984534602, -0.026113193646409127, -0.08055542937947788, -0.12531299665022022, -0.057369546225305115, 0.1437701549570536, -0.06675556131266702, -0.14230623461793096, 0.12051873109913104, -0.17171325492110412, 0.09986559254999207, -0.10793874736357273, -0.11536561113616253, 0.13665980053576626, -0.04288673096564213, -0.12466671811185914, 0.05464543939053029, 0.15274358017447265, 0.029356111431069296, 0.0718924126294, 0.12510343797797185, 0.12050095431633581, -0.23802693357122404, 0.09691459708042915]"
chongqing,2,108.592884,28.477922,"[-0.6904863528206243, 0.45010999478441055, -0.057597353178478736, 0.4840106819824941, 1.4392135963329455, 0.5264330852717122, -0.43659654166818396, 0.31617006552436433, 0.17501922430722278, 0.5071667989796134, -0.18820680373554066, 0.21557227050059694, 0.6165571943705431, 0.0186241260129808, 0.5438230016290364, 0.7604445022970224, 0.7624936737083999, 0.03253483631714096, -0.9739707612727045, -0.12733440196550905, 0.5055087223882242, 0.13913257877378968, 0.3721084579964343, 0.10869324707438709, 0.5605289487236728, 0.052295214663499776, 0.29214849912949725, 0.8661104612477175, 0.4469488555330277, -0.7497268442592152, -0.09392130564804393, 0.7547796427965341, 0.33222479485979756, -0.4482794135182473, 0.27184338314852285, -0.04084448422173553, -0.43253206017722295, -0.07181050632548737, -0.22817617512079025, -0.8861346184731763, 0.19133644422893212, 0.12995763374102026, -0.2682902655167623, -0.38271430825127806, 0.7103009720073004, 0.5462004349974864, -0.3717778594146683, -0.22230590464928024, -1.2160748130574386, 0.08615902891730327, -0.6840893653245862, 1.3886673879519895, 0.5683603155074073, 0.4801036180658479, 0.7492043900764052, -0.08199898512851247, 0.5233113262327066, 0.9529430168150983, -0.12264291587443282, -0.43692786655196514, -0.07689099358912649, 0.6837838433099346, 0.307799824331546, 0.49350805972983136, -0.3966882430586999, -0.13107699731828842, -0.06744344949125737, 0.7215336573157718, -0.15425133352160766, 0.5741209186969636, 0.9438921903484927, -0.2997039247198339, 0.37259641606369703, -0.40418426807545316, -0.005193930916245738, 0.6282633913894349, 0.35329583189101843, -0.43099238129980255, 0.006274491043581146, 0.06280042140850202, 0.644885766125453, 0.660564519528752, -0.5034883182249813, 0.8829525474321207, -0.34389317969682814, 0.009286429049545544, 0.706466419832181, -0.35454245941145696, -0.39408076742598863, 1.2818719389068913, 0.27865046514062636, 0.3944481628447554, 0.18773698228994976, 0.619675543621771, -0.006744120461280409, 0.528577092712551, 0.11728548732202305, -0.2868588855195924, -0.5822180485585358, -0.04968288931431645, -0.28411464212111026, 0.7518958579356322, 1.159099179055474, -0.9174628465388961, -0.5655090012165102, -0.5250210579440775, -0.21008641538850867, -0.02784390870813033, -0.3068532046947066, -0.11246346638123972, -0.47315424026430747, -0.05914650036750277, 0.015841884434728278, -0.6850579588960021, -0.4316377567366906, -0.77756664885189, -0.7532052748881369, -0.1235721414321107, -0.20802603937861758, -0.31308388276417903, 0.3202330182582762, 0.6771983454499174, 0.09218116792019697, 0.7091932191968632, -0.7372445265465364, 0.08571844693008455, -0.03291002524150986, -0.3401546291660855]"
chongqing,3,109.072911,31.94421,"[0.0633268082372959, 0.007029690664819472, 0.01809104523467131, -0.020337760322395003, -0.034360353267363385, -0.09633020403034179, -0.0010672055589975838, -0.05846283912711121, -0.03626498579311219, -0.029557348345977355, 0.04603376089140125, -0.07382878859266273, -0.03466915980399322, -0.07570078673138415, -0.003310442452615789, -0.018768395427043574, 0.04937187083166116, 0.0150956075573754, 0.10262265583746522, 0.0952941089484811, -0.005192291317851169, -0.04210120089935582, -0.0052476937366254285, 0.020295243866374962, -0.05601121808602373, 0.03487961091737372, -0.030608089982943926, -0.0006480934291343693, -0.06179418475033002, 0.0569935068961424, -0.0627644212108627, -0.05387045779372114, -0.0394167910296919, -0.0482901508244685, -0.050910965142796395, 0.08037878031576551, 0.05423419687890261, -0.013753730711970856, 0.06185466042551052, 0.06919522815761871, -0.044771481972494184, -0.003756099705470084, 0.03208358912742335, -0.011254699442503718, -0.03258546423920217, 0.06622594408148548, -0.03557892737485453, -0.017600880708607998, 0.03129541812160688, -0.05631977274418322, 0.07724479992912521, -0.03574889188995285, -0.05617154864461782, -0.046949646295659814, -0.002628788863426164, 0.05001124367887012, -0.02196850498437888, -0.08876144854503663, 0.037463986018376576, -0.030866911974950534, 0.059059680290058814, -0.007837441957689248, -0.06141802001534112, 0.03224639064766103, -0.0018053621823968455, 0.05625478407467108, 0.031556050948881725, -0.09146880038489841, -0.02466100045266896, -0.0011574474155644707, -0.005068164466337607, 0.03482675639408183, 0.042819882775036705, 0.03235701152475206, -0.004217740311765673, -0.0033057598609094116, -0.05020262902263334, -0.026195690082362395, -0.039396977508956016, 0.024411885605884427, -0.02512590328674355, -0.03368702835253856, 0.11554550258447574, -0.016919911298118002, 0.021139180558291795, -0.0968632437267397, -0.10760740747028348, 0.019255544643061187, 0.042138130190560216, -0.026745265531087036, -0.04071089011343945, -0.03556741914388687, -0.06436546038290884, 0.028913151294208756, 0.02201866132430582, 0.033694235719011464, 0.01361861535598072, -0.013631787286412834, 0.004818923308203122, -0.054022844524894496, 0.010712778294747777, -0.0802193133052932, -0.04417604070675066, 0.07100638597648601, -0.04203107843835468, -0.05050184020062125, -0.020855008174120504, -0.004159079132163087, -0.017831898477482365, 0.03537271228412211, 0.00014405138739905302, -0.01587645391087234, 0.062369629388025656, 0.047234663200018984, 0.050262359702716614, 0.027448252493464165, 0.01223600518010117, 0.05940734600967961, -0.012053010130603871, -0.026169011903031364, 0.017590810431299078, -0.019109470636581798, 0.006784815207901626, 0.01705641098510207, 0.034248893956295184, 0.05077265754880857, -0.026751894634316542, -0.003381353848712316]"
chongqing,4,109.033352,31.903895,"[0.0341425820093829, 0.01593148841166584, 0.06456249413744067, 0.09969321885825291, 0.15044737305627257, -0.05714706861363775, -0.13314619313366463, -0.011215671596969463, -0.11770988922585432, 0.09241112411574127, 0.21537628613795626, -0.27330468571416305, -0.09085041760630093, -0.13998917734491717, -0.051316059526729074, 0.17569384151971137, 0.3125169855833514, 0.2734972431425849, -0.029052667601400364, 0.4496172843879626, -0.06273780840428547, -0.04893047609450774, 0.03597286103566778, -0.08410149543844482, -0.2802235027475052, 0.21043608908784367, 0.0546210201392347, 0.3124178697750561, -0.004594436467608747, -0.14028556225523559, -0.13177698822620731, 0.01667761306733559, 0.01296045523336091, -0.13345147995886597, -0.1508194293654755, 0.07664527233766635, -0.043338326524669055, -0.26608323613870843, 0.3447929677841914, -0.0392603539890774, 0.21965032883076385, -0.055276927951401475, 0.04319776960587169, -0.25119585696801794, 0.1605453877795385, 0.20519692801345413, -0.03609836924839285, -0.09970318419407205, -0.18719902127708388, -0.00629176544870277, 0.05217332542699782, 0.052017583020276224, -0.00026210692964444976, 0.018093298746518324, 0.18209898607445268, 0.06968950772324693, 0.10897999730812591, 0.016275451587169296, 0.05569218631379542, -0.0413686528750595, 0.1779058196265493, 0.08418877109492728, -0.04506135339574608, 0.2947776483449117, -0.2288013038462513, 0.16613861106228822, 0.11184380634774119, -0.05474178850438571, -0.13439753821469125, -0.021514947175128148, 0.17781619081239658, 0.026113025923895236, 0.12444525161209127, 0.023130161614534878, -0.06803267960213703, 0.1287579385415913, -0.14233375248751245, -0.23583343307630494, -0.03529511721055766, 0.2241808379711247, 0.062199992986678485, -0.03984779611975119, 0.09241744185405984, 0.2364061483578083, 0.09082418046694146, -0.028177863748801768, -0.14156637621165397, -0.06992751845969684, 0.087863902822687, 0.14333753385426898, 0.060115303388029645, 0.030584798286294675, -0.14348638906758565, 0.05600089452449928, 0.027969249932230912, 0.20699825780940456, -0.12912794286904944, -0.06156529890854821, 0.04109488205980493, -0.053458839555032396, -0.22038566860120795, 0.055641388368136396, 0.10286211190269565, -0.014401693997168057, -0.207698244216124, -0.20902177762925445, -0.03366561390207466, -0.14007516014931992, -0.20286467548947854, 0.0240066865890018, 0.05270603393814262, -0.16229196380812994, 0.01800761591539799, -0.07620609779618479, 0.07405458679711736, -0.18268394772871704, 0.11496465819659425, 0.03541610856768754, 0.04160174844867097, -0.04318985740321499, 0.19455431415366123, 0.14423286429902193, 0.036848660164774734, 0.16763916998297274, -0.09769908598602128, -0.05058829840452825, -0.013282088151274025, 0.015446685654509192]"
